{
    "gain_mf1": 1.4000000953674316,
    "gain_mf2": 1.7000001668930054,
    "thr_angle_mf1": 29,
    "thr_angle_mf2": 25,
    "deadband_radius": 0.20000001788139343
}